-- phpMyAdmin SQL Dump
-- version 5.0.2
-- https://www.phpmyadmin.net/
--
-- Hôte : 127.0.0.1:3306
-- Généré le : Dim 15 nov. 2020 à 18:00
-- Version du serveur :  5.7.31
-- Version de PHP : 7.3.21

SET SQL_MODE = "NO_AUTO_VALUE_ON_ZERO";
START TRANSACTION;
SET time_zone = "+00:00";


/*!40101 SET @OLD_CHARACTER_SET_CLIENT=@@CHARACTER_SET_CLIENT */;
/*!40101 SET @OLD_CHARACTER_SET_RESULTS=@@CHARACTER_SET_RESULTS */;
/*!40101 SET @OLD_COLLATION_CONNECTION=@@COLLATION_CONNECTION */;
/*!40101 SET NAMES utf8mb4 */;

--
-- Base de données : `blog`
--

-- --------------------------------------------------------

--
-- Structure de la table `article`
--

DROP TABLE IF EXISTS `article`;
CREATE TABLE IF NOT EXISTS `article` (
  `id` int(11) NOT NULL AUTO_INCREMENT,
  `title` varchar(255) COLLATE utf8mb4_unicode_ci NOT NULL,
  `content` longtext COLLATE utf8mb4_unicode_ci NOT NULL,
  `image` varchar(255) COLLATE utf8mb4_unicode_ci NOT NULL,
  `create_at` datetime NOT NULL,
  `category_id` int(11) NOT NULL,
  PRIMARY KEY (`id`),
  KEY `IDX_23A0E6612469DE2` (`category_id`)
) ENGINE=InnoDB AUTO_INCREMENT=58 DEFAULT CHARSET=utf8mb4 COLLATE=utf8mb4_unicode_ci;

--
-- Déchargement des données de la table `article`
--

INSERT INTO `article` (`id`, `title`, `content`, `image`, `create_at`, `category_id`) VALUES
(42, 'Officia consequuntur quo cum voluptates non quas autem.', '<p>Sint eos tenetur dolorem consequatur quisquam accusamus itaque. Dolore natus voluptatem eaque commodi. Occaecati quas voluptate ea dolores ipsum soluta. Excepturi ea velit nobis.</p><p>Cum deleniti suscipit ipsa natus eligendi repudiandae corrupti. Cupiditate ipsum autem excepturi quae. Numquam dolore ex sed non aspernatur eum. Ut aliquid eos placeat. Cupiditate ea architecto labore error sed.</p><p>Exercitationem culpa expedita minima. Enim velit aut vel omnis nobis. Ut et possimus doloremque dolores impedit. Ut excepturi illum ab nemo dolorem nemo nesciunt excepturi. In nesciunt dicta sequi sit sapiente non qui.</p><p>Sequi ipsa est officiis corrupti a quam dicta. Laborum rerum delectus praesentium et voluptatum unde. Et et eius est non sit voluptatem.</p><p>Aut molestiae qui architecto beatae. Voluptate necessitatibus enim dicta et qui atque delectus voluptas. Necessitatibus earum et sapiente est. Ducimus sint iusto et et sit sed commodi temporibus.</p>', 'https://lorempixel.com/640/480/?82172', '2020-06-08 08:02:33', 4),
(43, 'Deserunt quia autem quia id beatae consectetur.', '<p>Quidem voluptatem qui sequi eaque vel dolorem. Voluptatem repudiandae nesciunt laudantium optio. Est at modi atque at.</p><p>Perspiciatis suscipit asperiores minus inventore adipisci. Aut odio sapiente unde maxime qui. Tenetur dolorem est consectetur quia. Molestiae omnis voluptate dolores quia est perspiciatis.</p><p>Est blanditiis accusantium ex dolores rem occaecati qui. Exercitationem iusto tenetur ea. Veniam rerum libero sint explicabo.</p><p>Rerum ducimus et atque dolor ratione porro voluptatum. Nesciunt illo culpa ut rerum cumque autem pariatur. Aperiam eos dolorem commodi deleniti id labore quaerat.</p><p>Cumque praesentium laboriosam pariatur. Porro magnam corporis similique totam tempore tenetur sint. Molestias nemo quaerat cum. Vero aspernatur aut assumenda unde perferendis dolor porro.</p>', 'https://lorempixel.com/640/480/?57372', '2020-06-10 19:00:20', 4),
(44, 'Doloribus nesciunt magnam amet laudantium.', '<p>Qui sit eaque alias neque explicabo repellendus. Rerum incidunt pariatur tempora voluptas ut et ex. Ea ut sed suscipit consequatur ut sed repellat aut.</p><p>Nam dignissimos facere suscipit occaecati provident nulla. Quo fugit officia ea sunt.</p><p>Porro minus libero ut cupiditate accusantium consequuntur officiis. Dicta non vero blanditiis eos quisquam quo ratione. Quis autem quisquam quis aut id.</p><p>Provident aut perspiciatis commodi quia voluptatum. Modi eos veniam doloribus at et. Voluptatum laudantium eum vitae ex ipsam corporis qui qui.</p><p>Sunt rerum dolor enim incidunt voluptas distinctio. Vel eius totam eos nesciunt consequatur aut.</p>', 'https://lorempixel.com/640/480/?19029', '2020-06-28 10:20:20', 4),
(45, 'Qui quasi voluptatem optio ut tempora ea nihil.', '<p>Consectetur necessitatibus ex expedita ex et tempora. Odit dolorem autem fuga minus et enim et quisquam. Aperiam odio qui fugiat eveniet animi nihil delectus architecto.</p><p>Eius harum amet consequatur dolor dicta itaque sint. Asperiores qui quam dicta consequatur qui. Nobis maiores maxime omnis aliquam est voluptatem. Aut officia iure non excepturi ullam omnis.</p><p>Hic qui odit illum iusto dolores est tenetur. Molestiae quia error sit voluptate facilis. Sunt optio natus exercitationem possimus.</p><p>Et ipsum delectus possimus nisi expedita. Quisquam nostrum et praesentium earum est.</p><p>Et error modi ipsam numquam velit. Ratione qui ullam quia ducimus.</p>', 'https://lorempixel.com/640/480/?29684', '2020-08-05 00:14:00', 4),
(46, 'Et sunt officiis accusamus aut quis exercitationem.', '<p>Deleniti velit qui ad quam officia est rerum. Optio voluptatem rerum doloremque debitis molestias quia. Non reprehenderit sequi ut.</p><p>Voluptates temporibus reprehenderit eligendi sed. Illum culpa eligendi et laborum perspiciatis. Officiis dolore et ut repudiandae in.</p><p>Ea saepe voluptatem doloribus dolorem dolorem tempore. Sint consectetur culpa sit aut quo aliquam doloremque. Molestias error ipsa eligendi. Qui cumque eveniet quibusdam alias explicabo provident.</p><p>Culpa fuga nobis accusamus voluptatem sunt non. Magni aut dicta veritatis et similique explicabo est. Nobis qui itaque atque reprehenderit.</p><p>Quam ipsa et vel voluptatum at sequi saepe. Eligendi magnam dolore voluptatum adipisci quidem. Magnam rem numquam doloremque harum id doloribus voluptate praesentium. Maxime officia consequatur itaque non id quidem id.</p>', 'https://lorempixel.com/640/480/?83371', '2020-09-20 08:16:08', 4),
(47, 'Nobis neque necessitatibus voluptates nihil qui.', '<p>Doloremque aut quis eum aliquam voluptatibus tenetur similique non. Et id ratione aut reprehenderit voluptatem fugit voluptate.</p><p>Impedit magnam corrupti totam soluta minus eius non laudantium. Illum explicabo sunt aperiam et sequi ex nam. Provident minus esse quis.</p><p>Alias repellat amet mollitia possimus sint ut sed. Corrupti deserunt natus officiis. Odit autem non ipsum nesciunt corporis non dignissimos. Non dolore saepe minima.</p><p>Repudiandae a beatae nihil numquam dolor. Cumque non soluta nihil voluptatem officiis neque voluptas. Facilis neque harum beatae consectetur iusto quia. Sunt et exercitationem sit qui modi deleniti.</p><p>Omnis amet quis saepe nostrum. Non dolorem cumque illo eveniet. Rerum nemo quasi qui qui quia et.</p>', 'https://lorempixel.com/640/480/?91595', '2020-10-29 14:08:16', 4),
(48, 'Odio qui esse et dicta.', '<p>Voluptatem saepe et velit nostrum laboriosam ab impedit hic. Tempore eligendi et neque.</p><p>Tenetur doloribus ut velit sequi et vero. Et earum sit totam cumque. Commodi commodi voluptatibus ipsam aperiam porro atque dolor. Id beatae sunt aut vel ab facere. Alias atque quos minus consequuntur laboriosam.</p><p>Et odit pariatur eveniet ea est voluptas soluta. Voluptate quaerat repudiandae iste. Voluptatem fuga pariatur consequatur numquam odit dolore aspernatur quis. Laborum id alias maiores voluptatem corporis.</p><p>Adipisci veritatis voluptatem rerum adipisci natus non. Sed quo ipsa sed et.</p><p>Temporibus incidunt qui sapiente aut sequi deleniti aliquam dolores. Aliquam molestias perferendis aut numquam et.</p>', 'https://lorempixel.com/640/480/?59778', '2020-07-12 07:13:09', 5),
(49, 'Repellendus explicabo et repellat et molestiae.', '<p>Aspernatur iure aliquam laborum repellat qui repudiandae animi. Enim non esse eos reprehenderit qui. Consequatur non eos dolores error.</p><p>Odit est delectus maxime facilis quaerat numquam. Molestiae deserunt inventore molestias perferendis id est. Veniam porro id aut blanditiis est aliquid ullam.</p><p>Nulla temporibus rem sit incidunt vel voluptas. Velit et nihil voluptatibus omnis enim quam qui. Eos libero ea laborum vel beatae qui. Ea ullam in voluptas quo.</p><p>Aperiam ea aut doloremque tempora. Consequatur et fuga voluptatum labore fugit esse. Distinctio illum eum quo alias quasi alias eos ea. Cupiditate aut alias nihil commodi itaque.</p><p>Et optio incidunt eligendi blanditiis ut. Minus ea vel qui illo. Ducimus corrupti velit ut explicabo fugit delectus distinctio in.</p>', 'https://lorempixel.com/640/480/?41478', '2020-10-20 08:09:59', 5),
(50, 'Commodi error pariatur sed quaerat maxime.', '<p>Qui voluptate facere sit omnis. Et eum quis reprehenderit explicabo nihil. Voluptates facere architecto laudantium aut.</p><p>Qui dolor fuga libero repellat est. Accusantium molestiae perferendis dignissimos est perspiciatis et delectus iure. Et dolore voluptatibus qui illum et totam voluptatum nihil. Ut explicabo deleniti dolore mollitia facere aut fugiat deleniti.</p><p>Soluta error vitae consectetur doloribus. Iste id ex nulla officiis est eligendi maxime. Et voluptates aut voluptatibus rerum alias esse dolores. Sed laboriosam autem saepe. In dolorem nam deleniti ut.</p><p>Nostrum praesentium et sunt consequuntur. Iure rerum dolores consequuntur in ducimus harum. Occaecati ex architecto qui quia possimus voluptates quia. Omnis minus expedita error dolorem unde quia aspernatur.</p><p>Quibusdam quo quas id magnam. Cum pariatur eum ipsam incidunt. Perspiciatis ducimus ut quaerat. Nam in quia perspiciatis id labore inventore.</p>', 'https://lorempixel.com/640/480/?76248', '2020-07-20 05:41:29', 5),
(51, 'Vel aut nemo amet ducimus.', '<p>A porro autem quaerat numquam consectetur culpa et. Autem occaecati fuga unde rerum. Ut autem sunt tenetur incidunt nobis. Corrupti tenetur est voluptatum aspernatur eaque delectus.</p><p>Delectus ipsa ullam ipsam nostrum aut blanditiis ut dolor. Aut corrupti quis iure ut totam optio. Voluptatem voluptatem aut consectetur veniam voluptate. Reiciendis sit modi odio omnis.</p><p>Magnam odit nihil in. Numquam qui ullam dolorem perferendis aut culpa.</p><p>Aut ut odio maxime. Mollitia distinctio quidem eum omnis maxime. Sed magnam velit laborum placeat maiores tenetur doloremque eius. Placeat et quas minus suscipit.</p><p>Blanditiis sit est voluptatibus commodi vitae. Perferendis id quasi occaecati aut dolore necessitatibus.</p>', 'https://lorempixel.com/640/480/?58939', '2020-09-28 12:55:06', 5),
(52, 'Quaerat ut perspiciatis natus error.', '<p>Non ducimus provident omnis assumenda recusandae. Voluptas aut et similique atque. Eligendi occaecati quasi veniam repellendus culpa pariatur. Vero minus dolor assumenda perspiciatis ut tempora iste.</p><p>Hic est eos voluptatum ut sunt. Qui nulla eos id consequuntur et ipsum. Exercitationem aspernatur et accusantium eum ut mollitia. Ipsum maxime illo et commodi voluptate illo harum.</p><p>Omnis sed perspiciatis provident sunt provident saepe. Maiores atque qui sed cumque. Veniam laudantium ducimus explicabo enim nobis doloremque adipisci.</p><p>Nisi dolorum unde accusantium voluptas enim. Dolores accusamus voluptatem amet. Ut nesciunt sint nostrum ut nisi velit voluptatibus.</p><p>Dolorem maxime aut odit nemo. Voluptatem deleniti cum quas qui. Esse beatae qui nihil reiciendis sint odio quia. Dolorem occaecati quisquam suscipit doloremque ipsa molestiae.</p>', 'https://lorempixel.com/640/480/?69322', '2020-05-18 22:08:27', 6),
(53, 'Quas debitis modi quia rerum provident.', '<p>Asperiores delectus quia et ratione nostrum. Vitae inventore repellat repellendus. Maiores voluptas et cumque nobis ut perspiciatis.</p><p>Aut molestiae et et qui libero ipsum vel. Sed esse maiores vel esse vel harum placeat. Quia enim voluptate non.</p><p>Nobis sint non aut error non vitae saepe. Totam nostrum et nesciunt temporibus. Non dolores facere consequatur dicta rerum. Omnis omnis nisi voluptate eos.</p><p>Laboriosam eum possimus alias. Recusandae aliquam aut ea similique. Id accusantium ut laudantium dolorem porro.</p><p>Sint aut minima esse qui ut quas maiores. Dicta error tempora deserunt accusantium perferendis. Distinctio officiis eaque quidem nam ratione nobis tenetur voluptas.</p>', 'https://lorempixel.com/640/480/?93861', '2020-06-03 12:19:34', 6),
(54, 'Mollitia ad velit et soluta.', '<p>Totam blanditiis provident consequuntur ipsum nemo nisi nihil. Aliquam quo est sed deserunt impedit quis. Omnis maxime nihil sit voluptate pariatur ea ullam. Distinctio alias repudiandae iste sit explicabo sit enim.</p><p>Delectus quas voluptatem iste provident quos. Et optio provident iure dolore et. Quas est labore qui vitae quos iure. Aut voluptas nihil enim.</p><p>Eligendi assumenda laboriosam exercitationem architecto quis consequatur. Aut repudiandae aut laborum sint est provident voluptate. Cumque ea dicta et ipsam voluptatem. Dicta assumenda et illum et iste adipisci aut.</p><p>Facilis voluptatem est aut eaque sit qui sit molestiae. Laboriosam doloribus qui aspernatur et quam ab libero. Corrupti sed odio sunt est temporibus asperiores qui. Voluptatibus culpa ut qui nemo est omnis. Natus ipsum iusto dolores at voluptatem.</p><p>Natus placeat voluptatem quisquam. Consequatur vel et expedita. Sint dolorum molestiae hic accusamus amet vel. Ut doloribus atque dolores molestias doloremque numquam.</p>', 'https://lorempixel.com/640/480/?36543', '2020-08-17 09:20:39', 6),
(55, 'Corporis deleniti architecto autem quis itaque.', '<p>Assumenda eum ut architecto veniam libero est est quidem. Eius distinctio neque debitis dolore quasi qui quam. Perspiciatis incidunt odio molestiae molestiae eos iure dolorum. Voluptatibus beatae eum voluptate dolore.</p><p>Aut sed soluta accusantium. Est in eum voluptatem a. Voluptatem sed ipsam et sed ratione. Modi repellat ipsa est fuga.</p><p>Reprehenderit ipsam nostrum corporis et numquam et quia. Facilis quas ea qui. Voluptatem error accusantium et voluptas explicabo. Non debitis non voluptatem est qui eos voluptatem.</p><p>Itaque cupiditate consequuntur rerum et officia consequatur. Voluptas quas vitae quo. Officia enim at beatae perferendis earum dolor repellendus beatae.</p><p>Ipsam sit quo quas assumenda dignissimos. Assumenda quia quisquam repellat. Vero quisquam aspernatur consequuntur molestiae ad voluptas.</p>', 'https://lorempixel.com/640/480/?16276', '2020-07-17 11:49:08', 6),
(56, 'Enim enim ea sequi est quas adipisci.', '<p>Velit porro perspiciatis maxime id laboriosam. Sed qui aut explicabo blanditiis ut et iusto. Libero et ipsa nostrum sed sit voluptatem. Praesentium ut dolores quo temporibus voluptas. Dolores magnam repudiandae et velit rerum.</p><p>Magni modi aut et dolorem a. Et est ad aut animi. Iste sit animi rerum expedita consequatur et.</p><p>Praesentium quidem animi cupiditate sequi. Facere ipsam fugit asperiores cupiditate. Rerum perspiciatis qui deleniti repellendus consequatur. Consectetur laudantium eos omnis fugiat. Rem tempora ut id ut ipsa inventore.</p><p>Eaque provident ex aperiam. Reprehenderit iste nesciunt eveniet quia. Libero aut sunt porro illo et accusantium impedit quo.</p><p>Quia sunt quis nobis tempore. Omnis quia ullam sit quas veritatis. Corporis culpa porro et quos deleniti sunt et et. Temporibus inventore nemo pariatur earum.</p>', 'https://lorempixel.com/640/480/?77911', '2020-05-22 22:51:14', 6),
(57, 'aurelien@symfony.com', 'aurelien@symfony.comaurelien@symfony.comaurelien@symfony.comaurelien@symfony.com', 'http://aurelien@symfon.fr', '2020-11-15 17:16:28', 4);

-- --------------------------------------------------------

--
-- Structure de la table `category`
--

DROP TABLE IF EXISTS `category`;
CREATE TABLE IF NOT EXISTS `category` (
  `id` int(11) NOT NULL AUTO_INCREMENT,
  `title` varchar(255) COLLATE utf8mb4_unicode_ci NOT NULL,
  `description` longtext COLLATE utf8mb4_unicode_ci NOT NULL,
  PRIMARY KEY (`id`)
) ENGINE=InnoDB AUTO_INCREMENT=7 DEFAULT CHARSET=utf8mb4 COLLATE=utf8mb4_unicode_ci;

--
-- Déchargement des données de la table `category`
--

INSERT INTO `category` (`id`, `title`, `description`) VALUES
(4, 'Aliquam est sapiente commodi.', 'Aut error dolorem cum vel voluptas aut ab. Nemo quidem quis consequatur nulla. Nam amet quia dolorem qui numquam. Eum quibusdam ad repellat odit dolorem iure sequi.'),
(5, 'Et maxime amet incidunt est reprehenderit magni dicta.', 'Est dolores et tempore sint impedit maxime. Excepturi error dolor consectetur quod sequi. Voluptas soluta alias sequi omnis. Qui sint ipsam voluptatem doloribus inventore quidem.'),
(6, 'Et fugiat quia libero odio suscipit.', 'Sit debitis sint quos minus. Incidunt id fugiat sed distinctio aliquid non fugiat ut. Sequi ut dolores distinctio placeat.');

-- --------------------------------------------------------

--
-- Structure de la table `comment`
--

DROP TABLE IF EXISTS `comment`;
CREATE TABLE IF NOT EXISTS `comment` (
  `id` int(11) NOT NULL AUTO_INCREMENT,
  `article_id` int(11) NOT NULL,
  `author` varchar(255) COLLATE utf8mb4_unicode_ci NOT NULL,
  `content` longtext COLLATE utf8mb4_unicode_ci NOT NULL,
  `created_at` datetime NOT NULL,
  PRIMARY KEY (`id`),
  KEY `IDX_9474526C7294869C` (`article_id`)
) ENGINE=InnoDB AUTO_INCREMENT=179 DEFAULT CHARSET=utf8mb4 COLLATE=utf8mb4_unicode_ci;

--
-- Déchargement des données de la table `comment`
--

INSERT INTO `comment` (`id`, `article_id`, `author`, `content`, `created_at`) VALUES
(78, 42, 'Hugues-Martin Lecomte', '<p>Qui aspernatur aliquam iste enim quisquam sunt. Placeat voluptatem iste quia ipsum quas neque. Nihil dolor et quaerat natus qui vitae.</p><p>Expedita quasi officiis est quia. Voluptas totam nostrum atque esse vel rerum odio. Voluptates mollitia repellat occaecati nulla minima. Voluptatum dolores cumque sint voluptatibus quis.</p>', '2020-10-16 08:27:18'),
(79, 42, 'Manon Bruneau', '<p>Fugit quas rerum id similique quod. Et eveniet consequuntur ex. Repellat vel ut perferendis sed iusto rerum vel.</p><p>Qui suscipit fuga non et dolor. Quidem ullam aspernatur laboriosam.</p>', '2020-08-19 15:25:51'),
(80, 42, 'Diane Schmitt', '<p>Veniam provident qui mollitia aut nihil ipsum accusantium. Nihil perferendis mollitia ex libero est. Laboriosam labore sapiente qui ex ut. Rerum labore vitae voluptatibus quo.</p><p>Iste eum dolor et earum dolor. Id id qui rerum necessitatibus et. Fuga et minima maiores dolores rem ea occaecati minus.</p>', '2020-10-16 22:47:39'),
(81, 42, 'Julien Guillaume', '<p>Quaerat sit cupiditate numquam veritatis ut vel. Reprehenderit laudantium aut labore facere. Sunt labore corrupti et saepe error temporibus facere. Sequi necessitatibus aliquid voluptas aut numquam nihil.</p><p>Doloribus mollitia voluptas inventore labore. Aspernatur omnis cupiditate voluptatibus sapiente. Quia dolor aut quasi itaque vel est.</p>', '2020-08-04 22:15:41'),
(82, 42, 'François de la Bigot', '<p>Esse itaque rem commodi culpa sed quasi voluptatem. Corporis ex alias beatae repellat error dolorem facilis. Officiis quo nobis aspernatur.</p><p>Aut omnis enim odit ut sed. Tempore ut quibusdam sit.</p>', '2020-08-14 19:37:39'),
(83, 42, 'Nicolas Cousin-Pasquier', '<p>Sunt vero eligendi qui ut molestiae laboriosam. Aut qui porro nihil et. Ut mollitia consequatur molestias ut quis aperiam et.</p><p>Sit voluptatem eligendi ratione fuga. Facilis magni ea veritatis earum numquam ab sequi. Ex et totam dicta blanditiis aperiam velit. Et et aut necessitatibus minima ratione.</p>', '2020-06-12 23:02:18'),
(84, 42, 'Édouard Lagarde', '<p>Amet perferendis consequatur qui. Qui occaecati ex beatae omnis totam. Nemo et odit reiciendis quidem provident doloremque eum.</p><p>Totam ea nostrum animi eos harum voluptatibus velit. Occaecati rem labore molestiae iusto. Sequi et doloribus quidem ratione ea necessitatibus tempore. Maxime dolorum exercitationem enim saepe sint id. Eos quibusdam delectus sint possimus rerum tenetur.</p>', '2020-06-10 22:20:02'),
(85, 43, 'Aurélie Allard-Coste', '<p>Voluptas accusantium possimus eius ut. Non possimus quo ducimus. At libero eos libero ex aut dolores alias nobis.</p><p>Sit iure explicabo laboriosam nemo rerum possimus iure placeat. Quia autem expedita dolores neque. Et veritatis pariatur quis dolorem ea. Iusto quas tempora necessitatibus quas est eligendi.</p>', '2020-08-31 16:51:04'),
(86, 43, 'William Lecomte', '<p>Ea voluptas ex sequi cum ab. Deserunt et hic a est officiis enim dolorem. Doloremque laborum unde quis. Amet eum voluptas voluptas nesciunt natus.</p><p>Voluptatem laudantium sit sequi fugit voluptatem. Quia pariatur velit rerum laudantium. Mollitia ducimus eum deserunt earum. Molestiae quidem nostrum consectetur sit delectus.</p>', '2020-09-20 17:31:26'),
(87, 43, 'Sophie-Juliette Jourdan', '<p>Impedit asperiores error hic molestiae nihil. Modi quia totam blanditiis laborum consequatur assumenda. Earum repellendus et dolores est voluptatem. Architecto quae ab et dolore. Temporibus et omnis qui aut id molestiae nam.</p><p>Commodi ullam libero omnis amet at iusto. Omnis aut praesentium consectetur recusandae officiis. Minus sit quibusdam provident omnis maxime et. Esse repudiandae maxime autem.</p>', '2020-11-14 04:49:48'),
(88, 43, 'Aimée Guillon', '<p>Fugit dignissimos dolorem dolor velit et non. Maiores voluptas et optio voluptas. Expedita dolorum aspernatur aliquid eveniet dolorem saepe qui. Qui voluptatem aliquid et hic atque reprehenderit.</p><p>Aut quibusdam vero dolores dignissimos libero amet incidunt. Maiores nam exercitationem nulla quia cumque. Blanditiis accusantium aliquam repellendus fugit assumenda hic eos.</p>', '2020-08-29 08:12:44'),
(89, 43, 'Emmanuel Julien', '<p>Eligendi omnis tenetur non saepe eius suscipit. Expedita maiores qui ratione quos praesentium impedit blanditiis. Numquam quidem qui sed ipsum.</p><p>Et repudiandae eaque natus quis labore quia a. Dolores voluptatem debitis voluptas nam sit. Cum accusamus sit odit quo rem. Doloremque enim ullam occaecati.</p>', '2020-07-30 23:28:56'),
(90, 43, 'Olivier Gomez', '<p>Tempora quasi tenetur iusto ut voluptas. Minima dolor nihil quidem earum placeat quia. Nulla ea exercitationem temporibus minus. Excepturi perspiciatis et laborum autem qui porro.</p><p>Fugiat nesciunt aut a eaque. Fuga quia facere id sunt et molestiae. Ipsam veritatis totam dignissimos est nostrum ipsam modi. Sed eos qui velit aperiam.</p>', '2020-07-08 21:42:48'),
(91, 43, 'Claude Marion', '<p>Doloribus at maiores sint amet et neque et. Est adipisci repudiandae enim praesentium odit ducimus quia accusamus. Sequi explicabo reiciendis ut praesentium totam. Voluptatem fugit ipsum molestiae voluptas rem doloribus vel.</p><p>Amet cupiditate maiores sunt laboriosam et aspernatur. Qui provident omnis saepe a sed at quo aperiam. Omnis odio a ullam tenetur et.</p>', '2020-08-02 11:55:36'),
(92, 44, 'Valérie Roger', '<p>Expedita rem et aut placeat sit. Ipsa quia mollitia odit id eveniet doloremque in.</p><p>Dicta qui et aut corrupti aliquam eum. Repellendus dignissimos voluptatem harum magni et ut dolores. Rerum suscipit fugit eum nobis. Maxime odit et repellat quasi pariatur. Adipisci voluptatem nulla debitis voluptate magnam sint.</p>', '2020-07-11 00:23:37'),
(93, 44, 'Gilles Gosselin', '<p>Est nemo eos sed blanditiis minima molestias. Maiores hic consequatur voluptates rerum veritatis quia et. Ut aliquam ut sed adipisci ex. Quidem velit nisi harum necessitatibus illum dolor voluptatem.</p><p>Nobis aut quia quia. Accusantium est et enim aut sit rerum maiores aliquam. Repellat illum harum sint ab maxime magnam. Ducimus in dignissimos et.</p>', '2020-08-29 15:40:11'),
(94, 44, 'William Verdier', '<p>Sequi labore id repellat sunt qui. Facere temporibus occaecati quia odio aspernatur. Quis et delectus ut ut error voluptate qui. Nam est ipsa et.</p><p>Ut magni expedita repellendus enim. Velit ducimus aliquam labore quia et. Libero assumenda ex pariatur magni soluta hic dolores. Aut quia debitis ut nobis quas.</p>', '2020-09-06 05:49:48'),
(95, 44, 'Claude Guibert-Leblanc', '<p>Corporis est sunt esse aut cum vel. Aut voluptatem eum voluptatum occaecati neque fuga culpa. Ut sit quod ea accusantium fuga laboriosam et. Est repellat dolor beatae laborum enim dolorem eaque error.</p><p>Alias voluptas ut reiciendis sunt quas. Iusto itaque officiis nesciunt non id. Ipsa soluta distinctio illum quia at dolorum eaque.</p>', '2020-11-05 18:13:02'),
(96, 44, 'Emmanuel Simon', '<p>Id voluptatem culpa odio et. Quam unde odio maxime incidunt. Atque deserunt id autem vitae saepe autem. Et placeat pariatur corporis esse itaque.</p><p>Iste earum sed necessitatibus. Vitae doloribus quibusdam qui ut totam consequatur. Culpa nihil non atque voluptatem ut.</p>', '2020-09-12 17:29:36'),
(97, 44, 'Thierry Lemoine', '<p>Mollitia aut repellendus id earum. Minima expedita neque nam. Pariatur voluptas quo consequatur quod ducimus ea similique blanditiis. Quia et modi ad quis nulla sed.</p><p>Omnis est dolores iusto ut et maiores repellat alias. Et dolor illo rerum repudiandae quidem. Aut laborum dolor dicta officiis et. Placeat reiciendis quaerat velit molestiae ducimus.</p>', '2020-07-24 06:14:12'),
(98, 45, 'Jean-Alain Allain', '<p>Molestias molestias non nobis voluptates. Cumque expedita iusto sapiente. Qui ipsam deserunt iste. Quis iste laborum non quo nemo culpa voluptas.</p><p>Et praesentium et unde repellat modi. Dignissimos molestias veritatis enim sed unde. Repellat aspernatur ipsum voluptas neque laudantium.</p>', '2020-11-12 07:18:57'),
(99, 45, 'Thérèse Verdier', '<p>Commodi ipsum numquam eveniet sequi et. Sed temporibus recusandae eum suscipit delectus quibusdam qui.</p><p>Nisi cum accusantium odit qui. Aut id sint voluptas. Ipsam quidem non sint qui tempora ipsa temporibus. Ut deserunt possimus debitis neque deserunt ipsam qui.</p>', '2020-08-31 08:47:57'),
(100, 45, 'Xavier Boulanger', '<p>Quas sequi ea nihil voluptas eveniet. Dolorum eligendi quod id minus voluptates. Aliquid aliquam reiciendis rem eos aut aut.</p><p>Natus quia quas minus dolorem non ut itaque. Dolore delectus sit ut quo et blanditiis reprehenderit. Reiciendis sapiente magni repellat necessitatibus inventore voluptatem ab enim.</p>', '2020-10-05 21:06:29'),
(101, 45, 'Marc Ollivier', '<p>Velit dolor animi impedit quia consequatur occaecati. Provident quia modi consequuntur iusto. Repudiandae vitae vel enim et et qui.</p><p>Omnis eius dolores eum eveniet. Cumque aut hic dicta omnis aut ea. Similique sed sed minima vel nihil. Commodi qui facere fuga voluptatem aut cum voluptate illum.</p>', '2020-08-20 02:02:43'),
(102, 46, 'Jacques Levy', '<p>Et dolor necessitatibus aspernatur numquam. Aperiam ipsum minima quia enim. Molestiae odio et ut aspernatur.</p><p>Nobis ducimus sunt et possimus repellat ullam at. Enim minima aliquid voluptatum recusandae totam reprehenderit. Eius consequuntur est aut odit velit. Reiciendis illum qui omnis ut doloribus dicta unde. Aspernatur reiciendis temporibus ea quibusdam quo incidunt hic.</p>', '2020-09-24 19:09:32'),
(103, 46, 'Marc Petit', '<p>Sunt placeat culpa sint ipsa molestias cumque. In consequatur deleniti voluptas magnam odit. Iusto et nulla at reiciendis qui et. Est dolores eligendi ab qui sed.</p><p>Tempora ut tenetur cupiditate commodi. Dolor ipsa facilis eum maxime culpa. Sed voluptatibus est accusamus esse sunt esse neque. Aliquid numquam necessitatibus architecto minus eos nostrum.</p>', '2020-10-30 12:57:14'),
(104, 46, 'Laure-Claudine Chauveau', '<p>Voluptatem est aliquam aut adipisci odit dolores. Voluptatem quas modi sit neque. Quae voluptatum nihil corporis magni officiis quia voluptas.</p><p>Non veniam quos eos assumenda facere velit. Quia aut odit aliquid explicabo. Pariatur est ipsa in aut. Veritatis incidunt est doloremque consectetur et.</p>', '2020-09-26 20:14:41'),
(105, 46, 'Franck Mallet-Marion', '<p>Et nobis quibusdam sed qui non odio voluptatem. Quisquam non natus quo et voluptatem quis ducimus voluptas. Quia dolore enim explicabo quia. Commodi tenetur sed voluptas et.</p><p>Nihil laudantium aut tenetur quas voluptatum necessitatibus et. Aut aut veritatis molestiae et explicabo velit. Magni aspernatur vel nemo doloribus dicta. Sint sapiente molestias itaque porro et pariatur qui.</p>', '2020-10-18 11:39:12'),
(106, 46, 'Dominique Vaillant', '<p>Et consequatur minima quaerat. Voluptas quia libero tenetur eius. Magnam molestiae nam minima quam. Qui consectetur aut saepe error possimus accusantium corrupti.</p><p>Accusantium quae expedita voluptatem dolor vel necessitatibus et. Nemo ipsa id itaque qui quod delectus. Tempora sint non quo iusto totam. Quis est nam est omnis aut repellendus repellat qui. Qui sit ipsa ut accusantium doloribus quis.</p>', '2020-10-19 14:01:56'),
(107, 46, 'Alfred Le Guerin', '<p>Architecto fugit ad nobis rerum consequatur. Architecto ex et voluptatem cum sed. Aut earum et fugiat eius eum.</p><p>Et exercitationem voluptatem eligendi incidunt omnis. Ut nostrum fuga consequuntur corporis facere pariatur. Id excepturi vitae quis iure sint suscipit laudantium. Nulla qui quis voluptas sed voluptates quam enim.</p>', '2020-11-03 11:38:44'),
(108, 46, 'Zacharie-Alfred Coulon', '<p>Quas esse odit impedit sapiente. Harum est saepe voluptatem nihil quas voluptatum repellendus. Qui ullam earum libero quam.</p><p>Ut rerum error sunt dolor modi quae animi. Commodi natus reiciendis et aut. Et a est labore sed saepe nemo facere.</p>', '2020-11-04 23:15:48'),
(109, 47, 'Nathalie de Gilbert', '<p>Veritatis qui necessitatibus dolorem eius. Voluptate ipsum voluptatem sed perferendis. Iusto quasi pariatur expedita sint omnis voluptatem quae et. Aut dolore hic aliquam cumque molestiae est non.</p><p>Eos aut praesentium consectetur. Ea tempora vel qui repellendus vitae aut reprehenderit.</p>', '2020-11-15 11:55:51'),
(110, 47, 'Sébastien Millet', '<p>Velit ea totam officiis unde et deleniti et. Dicta sapiente a minima aperiam suscipit modi. Cum est voluptas sed impedit iusto voluptate ducimus. Nisi molestiae possimus eos veritatis.</p><p>Sit et atque officiis vel aut at rerum quaerat. Enim impedit ut rerum commodi aut repudiandae iste. Nihil a dolorem architecto quisquam officia. Non architecto ullam fugit dicta ipsam quibusdam rerum autem.</p>', '2020-11-03 04:52:43'),
(111, 47, 'Pierre-Jacques Barbe', '<p>Voluptas incidunt blanditiis iure aut doloremque sapiente et. Voluptatem natus fugit neque alias temporibus similique impedit. Doloribus consequatur aut quia enim placeat quia. Nulla ipsum itaque rerum et unde excepturi illum.</p><p>Doloribus et quia eveniet nemo vel. Sint hic consequuntur doloremque nulla ut. Consequatur ipsum vel autem cum qui.</p>', '2020-11-01 17:09:39'),
(112, 47, 'Martine Maillet', '<p>Debitis aliquid recusandae repellendus saepe vitae. Sapiente est eos vel ut sit ducimus voluptatem. Aut nihil rerum et distinctio dolorem. Nihil velit aut ratione asperiores modi consequatur omnis.</p><p>Consectetur sunt nisi natus incidunt et nihil. Eius dolorum sint laboriosam vel. Doloribus ut architecto itaque a ut.</p>', '2020-11-05 17:09:11'),
(113, 47, 'Joséphine Michel', '<p>Sunt et vel assumenda. Non quasi quo quia. Aut voluptates rerum odio repudiandae in eum.</p><p>Ea similique enim sit ipsa. Velit omnis pariatur ullam hic quaerat. Sed consequatur eveniet sed rerum illum nihil atque laboriosam.</p>', '2020-11-15 04:07:16'),
(114, 47, 'Christiane Peltier', '<p>Sit rerum recusandae ipsam sed tenetur sed necessitatibus ut. Ipsa corporis doloribus perferendis voluptatem odit quia veniam. Tenetur ut nihil ab doloribus quasi. Labore id sed similique nulla accusantium mollitia.</p><p>Et quam est est quisquam laborum. Eligendi rem cum expedita alias commodi. Eos minima iste totam officiis magnam possimus. Rerum facere eius autem. Ad alias maxime error facilis.</p>', '2020-10-31 15:56:36'),
(115, 48, 'Alice Weiss', '<p>Id soluta sint quos quia dolores soluta non. Explicabo voluptatibus laboriosam iusto recusandae rerum eveniet in nihil. Qui quas voluptatem rerum qui doloremque tempora voluptatum. Tempore harum facere voluptas ut commodi.</p><p>Dolorum deserunt quos repellat sed saepe nisi doloribus fugit. Molestiae vitae sequi magni quis quo beatae. Possimus fuga qui nesciunt.</p>', '2020-11-06 08:33:45'),
(116, 48, 'Laure de la Ferrand', '<p>Laboriosam incidunt accusamus non quasi. Consequuntur corrupti fuga omnis omnis sequi aliquid. Doloribus omnis eaque ea exercitationem non nostrum. Dolorem molestiae accusamus quibusdam.</p><p>Sit omnis accusamus exercitationem itaque quas aut. Dolor aut qui sed et ea eveniet aliquam.</p>', '2020-08-25 09:52:06'),
(117, 48, 'Rémy Delattre', '<p>Aliquam cumque voluptatem molestias suscipit maiores. Natus porro inventore cum voluptatum unde tempora. Explicabo beatae molestias saepe velit nobis. Alias aliquid esse iste et excepturi ut vero.</p><p>Sint necessitatibus eos id ut asperiores est. Consequatur sed quia aspernatur maiores placeat iste et voluptatem. Nostrum nihil id repellat similique fuga. Quia ullam inventore ab nostrum velit omnis dolores.</p>', '2020-07-24 01:47:54'),
(118, 48, 'Alexandrie Le Clerc', '<p>Omnis aspernatur placeat sit itaque sunt exercitationem eligendi. Adipisci officia quidem quia. Id quaerat qui blanditiis voluptatem ea. Perferendis non necessitatibus libero.</p><p>Ab aliquam quia ipsa velit assumenda. Nisi deserunt quo nam quia facilis alias. Sed id veritatis qui repellendus.</p>', '2020-11-02 11:55:48'),
(119, 48, 'Lucas Costa', '<p>Ut eos quis natus doloribus incidunt pariatur ratione ea. Quidem et fugit debitis commodi molestias. Velit aliquid eos quia commodi laborum ratione.</p><p>Ipsam rerum consequatur voluptatem quidem. Non eum quae sed itaque officia quisquam doloribus.</p>', '2020-11-10 02:30:02'),
(120, 48, 'Adèle Grenier', '<p>Quis rem quia corporis et ut et aut. Similique laudantium consequatur est maxime a libero. Rerum aperiam magnam autem. Molestiae dolorum in ut architecto molestiae unde quisquam voluptatem.</p><p>Eum quia esse minima dicta. Similique qui id omnis aut nostrum.</p>', '2020-07-25 14:17:53'),
(121, 48, 'Océane Baron', '<p>Aliquam delectus sed aut dolores quae. Officiis fugit nam facilis illum molestias quis. Est inventore earum eius ex est doloremque accusamus. Quidem sed sed voluptatibus neque recusandae adipisci voluptas.</p><p>Perferendis dolor voluptatem vero reiciendis et et ratione. Beatae animi dolorem fugit vel temporibus natus. Pariatur molestiae esse nulla voluptas iste nulla laudantium. Voluptatibus similique est quis corrupti ipsum totam.</p>', '2020-08-11 20:56:41'),
(122, 48, 'Patrick-Daniel Sauvage', '<p>Vero est sint exercitationem occaecati quia. Qui necessitatibus sint culpa aut dolor iure recusandae voluptas. Velit tempora tenetur quia dolor recusandae nesciunt tempora. Voluptas assumenda rem natus quo sunt.</p><p>Et expedita non explicabo dolore alias nesciunt id. Praesentium doloribus sed accusamus quis adipisci. Laborum reiciendis ut fuga corrupti consectetur accusamus veritatis.</p>', '2020-09-16 18:08:41'),
(123, 49, 'Gérard Raynaud', '<p>Maxime beatae assumenda et qui et nihil. Ab culpa ad et veritatis in velit et officia. Minima dolores omnis sunt recusandae minus nihil. Sed ipsam et et non sapiente ut officiis facilis.</p><p>Nisi quibusdam sint optio consequatur. Maxime nesciunt praesentium qui autem ducimus. Aliquam molestiae maxime rerum illo itaque harum architecto.</p>', '2020-10-30 22:17:54'),
(124, 49, 'Lucas-Thomas Pierre', '<p>Voluptatibus delectus consequuntur eum. Ea porro explicabo eos dolorem maiores vero. Eum aliquam animi cupiditate sequi et et nam velit. Quia ad labore ullam nisi.</p><p>Exercitationem nam excepturi ut sed voluptas et necessitatibus. Amet optio enim dolore id dolore esse iste. Non tempore molestias sint illum rerum ut. Alias necessitatibus eos itaque.</p>', '2020-11-11 23:09:24'),
(125, 49, 'Thibault Olivier', '<p>Dolores facere itaque facere deserunt quia veniam est. Et hic et aut sunt eveniet molestias. Adipisci enim deleniti minus.</p><p>Perspiciatis natus id provident quod sed dolorem temporibus. Sit dolor pariatur est aliquid aut dolores. Quis voluptate alias assumenda. Commodi sed deleniti officia ut sunt tempora aut. Aut autem aperiam omnis eveniet.</p>', '2020-11-06 19:43:18'),
(126, 49, 'Anaïs du Seguin', '<p>Et rerum inventore consectetur eos perferendis cum. Sapiente hic illum labore alias dolorum. Ipsa alias iste non.</p><p>Esse et ut assumenda in nulla eum eaque. Possimus maiores architecto illo assumenda sequi eligendi nam similique. Qui fugiat rerum rerum facere in molestias facilis facere.</p>', '2020-11-08 20:30:53'),
(127, 49, 'Chantal-Colette Gregoire', '<p>Esse earum nobis illum. Facilis et quibusdam enim perferendis consequatur maxime. Dolorem ex facilis quia sed.</p><p>Blanditiis doloribus laboriosam repellat maiores officia tempore quod. Eum consequuntur in eos rerum iusto. Blanditiis facilis quae beatae vel. Alias sed corporis suscipit unde in debitis optio.</p>', '2020-10-24 21:28:34'),
(128, 49, 'Denise Berthelot', '<p>Ipsa excepturi itaque quaerat corrupti id. Quo incidunt ea et doloribus. Odit dicta quia fugit provident necessitatibus.</p><p>Molestiae beatae voluptas quidem sit cumque rerum aut. Aut vel atque qui officia. Impedit rerum labore ad error. Ea maiores aut exercitationem. Id beatae voluptates amet qui non eum adipisci.</p>', '2020-11-04 06:14:50'),
(129, 50, 'René Bonnin', '<p>Et repellendus aut nobis quo. Sequi sit aut illo doloremque nulla dolorem vel. Aut animi esse alias aliquid repudiandae voluptas soluta. Sapiente sunt est iure dolorem suscipit.</p><p>Dolorum vel facere veritatis debitis est consequatur ab. Temporibus eos et illum voluptate.</p>', '2020-11-07 01:29:17'),
(130, 50, 'Thomas-Théodore Sanchez', '<p>Autem illum magnam sapiente quasi modi. Sunt dolor aut veritatis eveniet tempore. Molestias ullam doloribus nihil illo ea sapiente quas. Temporibus voluptatem possimus est aut aut soluta similique eum.</p><p>Quisquam molestiae quas optio sed quibusdam. Ut in harum dolor maiores quibusdam aut. Accusamus nesciunt commodi accusamus vel pariatur.</p>', '2020-09-17 02:48:56'),
(131, 50, 'Cécile Julien', '<p>Sit praesentium est asperiores quam est. Quae qui itaque nostrum delectus quia autem. Exercitationem praesentium maxime fugiat libero impedit. Maiores eos et odio ab.</p><p>Est aut odio ipsum est nihil itaque recusandae. Vero voluptatibus numquam ut vero harum eum consequuntur enim. Sint deserunt quasi repudiandae consequatur molestias assumenda rem. Quo pariatur labore aperiam tenetur quae reiciendis.</p>', '2020-11-06 22:09:58'),
(132, 50, 'Hugues Le Gallet', '<p>Expedita quas quod aut rerum mollitia ad sunt. Dicta quo modi ex iure illo velit. Ut inventore minima necessitatibus repudiandae dolorum dolor. Officia iste impedit ducimus assumenda officiis qui. Corrupti consectetur repudiandae tenetur dolorem.</p><p>Pariatur vel sit asperiores ipsum saepe minima omnis. Placeat voluptate perspiciatis eos inventore. Quos minima est autem est eaque vitae.</p>', '2020-10-01 03:26:34'),
(133, 50, 'Philippe Le Bigot', '<p>Quidem quia ipsam ea eius qui itaque odio. Modi est laborum eum rerum sit at. Qui quia atque error sit.</p><p>Voluptate est maiores saepe cum alias labore neque. Sit sint ducimus error earum nostrum molestiae. Alias natus aut facilis beatae voluptatem praesentium.</p>', '2020-09-13 13:39:38'),
(134, 50, 'Timothée Lacroix', '<p>Omnis est magni dolore mollitia. Adipisci explicabo repellat optio ut veritatis. Autem officiis voluptatum quod facere pariatur modi.</p><p>Nobis omnis corrupti veritatis laboriosam autem voluptatem. Est pariatur voluptatem explicabo error. Ut quisquam magnam quibusdam eum quasi fuga non voluptatem. Laborum soluta autem voluptatibus ipsam officiis. Voluptas vitae vel dicta aliquam provident voluptatem saepe est.</p>', '2020-10-26 12:14:09'),
(135, 51, 'Laurent Dos Santos', '<p>Impedit nobis autem distinctio laboriosam cumque ut. Voluptates illo vitae quaerat. Corrupti adipisci veniam similique officiis dignissimos qui rem facilis. Aut ipsum ut voluptatum cupiditate quidem laborum.</p><p>Nam corporis odit hic accusantium ex. Et dolorem excepturi nihil quia necessitatibus eos. Totam velit modi quisquam odio mollitia. Quod ipsam et sed.</p>', '2020-11-15 12:25:33'),
(136, 51, 'Robert Schmitt', '<p>A et enim et eveniet consectetur vero dolor. Et cumque dolores quos voluptatem. Qui dolor cum qui eaque. Ea illum eum velit facilis voluptatibus facilis.</p><p>Atque et et voluptas quam. Dolorem aut rerum ea occaecati saepe est itaque. Excepturi aliquam possimus rerum dolorum molestiae at. Facilis delectus impedit cumque mollitia est ut aut.</p>', '2020-10-03 22:18:54'),
(137, 51, 'Danielle-Capucine Jacob', '<p>Consectetur porro et natus quasi. Quisquam autem quia sunt qui voluptas repellat tenetur. A quis ducimus sint excepturi error. Consequatur ipsam aut ea est.</p><p>Sed possimus qui tempore exercitationem. Porro quas consequuntur dolorum. Mollitia ut deserunt ut. Nemo deleniti eum vel inventore suscipit.</p>', '2020-11-05 15:51:31'),
(138, 51, 'Rémy Le Gall', '<p>Voluptas maiores rem atque officia placeat reprehenderit ut. Et veniam officia laborum ipsum recusandae temporibus. Doloremque est a perferendis aliquam.</p><p>Possimus temporibus voluptas id rerum ullam molestias. Quia fugiat dolores et omnis in. Fugiat aut nostrum sit ipsum possimus.</p>', '2020-10-15 18:12:58'),
(139, 51, 'Roland Riviere', '<p>Aut consectetur ullam laborum asperiores. Consequuntur porro quo quia quam distinctio et est. Et maxime aperiam maxime et itaque provident voluptatem provident. Non qui vel quisquam neque.</p><p>Molestiae praesentium nesciunt porro quisquam. Rem itaque saepe aliquam aperiam porro in. Est tempora et impedit cum vel. Culpa minus impedit accusantium fugiat error voluptas ullam quia.</p>', '2020-11-15 16:40:56'),
(140, 51, 'Diane-Aurore Ferrand', '<p>A iure rerum voluptates maiores laudantium. Molestiae provident ipsa sit iste. Quo laboriosam voluptatum et in aut iste.</p><p>Id qui aliquid aliquid laudantium quis. Veniam quia quas dolorem vero ducimus. Aperiam eveniet adipisci ipsam sit veritatis.</p>', '2020-10-05 02:44:48'),
(141, 51, 'Christine Barthelemy', '<p>Harum et ea consectetur id. Nobis tempora facere nobis sunt. Similique harum earum fuga consequatur aut. Qui quo optio reiciendis neque.</p><p>Quia soluta aut maxime. Vel eveniet tempora enim a maiores vitae est. Consequuntur molestias hic officiis nisi unde.</p>', '2020-10-24 22:18:39'),
(142, 51, 'Antoine Vasseur', '<p>Ea quo quo repudiandae delectus fuga quos velit. Porro suscipit hic corrupti mollitia ex reprehenderit. Mollitia odio reprehenderit temporibus fugiat.</p><p>Sapiente rerum hic inventore voluptatum doloremque id cum. Nobis consequatur officiis quod perferendis.</p>', '2020-10-08 18:50:08'),
(143, 51, 'Éric Chartier', '<p>Aut unde animi fugiat alias. Tempore impedit enim vitae ex voluptatum omnis. Sequi eum accusamus labore dolorum inventore quas.</p><p>Est quia maiores nobis et laborum reiciendis. Voluptas harum odit molestiae quisquam esse. Ut et dolor molestiae est non distinctio.</p>', '2020-10-14 09:37:24'),
(144, 52, 'Georges Munoz', '<p>Sed quas ipsum neque alias et sed qui. Quam odio similique illo sint odit non. Ab soluta aliquid sunt quos praesentium voluptatem ad. Accusantium harum autem magnam dolores voluptatum. Reprehenderit eveniet ab suscipit deserunt.</p><p>Aliquam officia incidunt ut. Quia ullam error laboriosam qui earum velit eum. Voluptatem corrupti dolores culpa qui alias.</p>', '2020-07-30 12:17:41'),
(145, 52, 'Édith-Laetitia Besnard', '<p>Facere quia neque in voluptatum impedit. Molestias explicabo quibusdam ut autem quis odio consequatur. Voluptates ratione quis repudiandae dicta totam fugit. Vero tempora itaque exercitationem distinctio.</p><p>Molestiae similique reiciendis est neque cupiditate. Et vitae quia et quaerat culpa. Doloribus perferendis est exercitationem cumque. Facere facere accusamus magnam quisquam enim iste.</p>', '2020-09-13 12:30:35'),
(146, 52, 'Jérôme Gregoire', '<p>Quia autem qui porro et et. Reprehenderit vel suscipit ab sit. Fugit explicabo ducimus qui aspernatur veritatis. Explicabo repellendus fugiat quos quasi optio.</p><p>Quis consequatur occaecati cum nesciunt et. Enim dolorem qui odio aut. Omnis et velit consequuntur. Velit enim dolorum et molestiae quia ad.</p>', '2020-07-31 14:20:14'),
(147, 52, 'Constance Pottier-Laporte', '<p>Aut eligendi id aperiam velit repellat ratione accusantium animi. Voluptas eius recusandae quis omnis earum. Odio natus expedita est veniam sed qui. Dolore consequatur assumenda consequatur aut rem amet modi facilis. Ipsa dolore aspernatur alias officiis optio consequatur animi.</p><p>Et iure qui modi vel nulla consectetur. Saepe facilis consequuntur delectus eos. Exercitationem culpa facilis ad earum nam qui dolore.</p>', '2020-10-02 15:05:10'),
(148, 52, 'Jeannine Fabre', '<p>Tempora veritatis explicabo facere. Possimus dolorem velit ut eligendi qui maiores. Ab perferendis et ea sed dicta cumque rem quasi. Dolorum voluptates dolore dolores quas id quod. Quia assumenda illo illo quia dolor aspernatur.</p><p>Voluptates nesciunt labore distinctio et voluptatem tenetur. Sit qui tempora incidunt est ut voluptas voluptas. Aut rem dicta facilis dolor consectetur. Aut aliquam sint cupiditate aut.</p>', '2020-06-09 22:54:09'),
(149, 52, 'Philippine Leroux', '<p>Pariatur ut in quis est error id quibusdam. Molestiae nobis suscipit vitae. Id deserunt libero quaerat iusto totam. Amet ullam dolores autem minus sint qui praesentium aspernatur. Minima dicta at occaecati id ipsam rerum libero.</p><p>Voluptatem vero sit itaque inventore veniam. Temporibus amet molestiae possimus aut quisquam. Voluptas aspernatur qui optio sapiente asperiores sint.</p>', '2020-07-11 02:51:18'),
(150, 52, 'Inès de Hebert', '<p>Dolorem saepe unde magni quo nemo nam nisi. Consequatur velit corporis porro. Dolorum adipisci facere molestias doloribus nesciunt. Fuga praesentium ad in atque.</p><p>Aperiam et amet mollitia placeat sequi aut voluptatum. Eaque ducimus perspiciatis quod doloremque nemo facere. Est qui et assumenda.</p>', '2020-07-22 12:30:59'),
(151, 53, 'Josette Rousset', '<p>Qui et est sed enim laudantium ducimus reiciendis at. Numquam fugiat odio aut voluptas aliquid assumenda itaque. Voluptatibus et tempore enim id. Et eum voluptatum ut quas blanditiis aspernatur. Qui eaque hic repudiandae autem saepe necessitatibus maxime necessitatibus.</p><p>Qui minus nihil autem ratione et. Autem natus possimus at nihil magni maiores praesentium.</p>', '2020-08-05 22:18:24'),
(152, 53, 'Isaac Salmon', '<p>Ab quos et dolorum praesentium. Sapiente voluptas soluta et et quam non. Consectetur libero quia non tempora hic. Magni aspernatur dignissimos quidem consequatur aut id omnis.</p><p>Explicabo at illo nisi dolorem nobis sit libero. Voluptatem odit consequatur eum est. Sapiente consequatur molestiae ea non voluptas sint.</p>', '2020-10-17 11:56:45'),
(153, 53, 'Martin Lopes', '<p>Eum omnis deleniti nihil ab qui in. Nobis nihil cum quo quos ut quaerat. Nihil dicta quasi expedita sapiente illum consequatur.</p><p>Neque quis distinctio reprehenderit eaque autem dolorem. Dolore laboriosam officia laboriosam et. Consequuntur harum placeat quaerat sunt. Velit et dignissimos rerum quos architecto nulla at ut.</p>', '2020-08-05 09:52:06'),
(154, 53, 'Joseph Perret', '<p>Vero consequatur eos error iusto. Incidunt sed dolorem assumenda. Sapiente cum odit eligendi est non necessitatibus quis.</p><p>Aut quia dignissimos qui aut sapiente eum in. Non impedit a suscipit nemo. Nam officia ad omnis rerum saepe ut provident. Iste labore ducimus ea dolores.</p>', '2020-06-27 00:20:04'),
(155, 53, 'Roland Coste', '<p>Ut distinctio sint cum. Natus et et quo in quod dolor. Dolor doloribus pariatur ratione. Perspiciatis et qui perspiciatis consequatur et consectetur.</p><p>Rerum aut consectetur quia nisi architecto sint. Eum aut consequuntur minus et. Eius labore sequi omnis est voluptatibus placeat assumenda. Ut et omnis sunt eum aut dolorem.</p>', '2020-09-03 06:12:40'),
(156, 54, 'Nicolas Daniel-Allard', '<p>Libero debitis voluptate a ut inventore voluptate. Voluptas qui ut quisquam fugiat aut atque. Facilis deserunt atque eligendi modi possimus ut. Expedita est facere autem et voluptates iure ipsam.</p><p>Dolorum neque esse qui aut. Illo qui veniam quo odio. Tenetur fugit sit ut odio nihil non veniam non. Eum suscipit eum qui non et dolorum sapiente.</p>', '2020-09-27 22:51:11'),
(157, 54, 'Christine Pinto', '<p>Temporibus rerum facilis qui ut quis. Accusantium aperiam ex vel odit quis hic ut est. Eligendi voluptatem eaque reiciendis nihil.</p><p>Mollitia doloremque corporis sapiente ea. Vitae placeat aut commodi animi. Ad iure ut unde.</p>', '2020-08-26 14:24:05'),
(158, 54, 'Aimée Joly', '<p>Atque reprehenderit nihil ea sed natus voluptas eaque. Velit dolorem neque nobis ut similique sed et. Quam tempore in maiores corrupti quibusdam. Qui excepturi esse est et.</p><p>Quis doloribus qui fuga voluptas iste veritatis. Id animi dolorem sed quibusdam. Vel non est numquam et suscipit inventore pariatur. At expedita et iure dignissimos.</p>', '2020-08-24 09:54:51'),
(159, 54, 'Suzanne-Aurore Delannoy', '<p>Et expedita facere repudiandae nam quaerat vitae. Earum sunt aut sunt nemo minima vero veritatis iusto. Sit assumenda quaerat earum hic. Qui id mollitia ut nihil. Incidunt consequatur neque enim neque ut incidunt quaerat aut.</p><p>Voluptate voluptatum suscipit aperiam adipisci consequatur cumque cum quisquam. Quae facere porro voluptate eius sunt. Tempora modi sint voluptatibus qui.</p>', '2020-09-05 16:18:34'),
(160, 54, 'Dominique Thibault', '<p>Architecto aut perferendis est nostrum et non. Tempora voluptas qui dolor sed. Quam animi optio maxime suscipit vitae aliquam.</p><p>Ut placeat magni quos voluptatibus quos assumenda est. Odio hic ratione in est deserunt sit repellat. Sed aut et alias ad ad.</p>', '2020-09-21 06:37:50'),
(161, 54, 'Charlotte Turpin', '<p>Aperiam sit est inventore voluptatem minima et. Libero sed tenetur in nihil quam error. Consequatur doloribus quod a autem eos ut similique. Illum exercitationem ducimus accusantium molestiae.</p><p>Velit sint dolores atque molestias excepturi nihil fugit corrupti. Sapiente ad voluptatem ad error doloribus. Non rerum et eos voluptas. Ipsam non explicabo rerum aspernatur iste sit.</p>', '2020-10-07 04:06:39'),
(162, 54, 'Constance Bernard', '<p>Magni harum quae ut ea non optio. Incidunt iure voluptate sunt omnis officia.</p><p>Placeat illo quibusdam tempora voluptas voluptatem. Fugiat aut nostrum fugit quos enim nisi. Modi doloremque ratione illo expedita placeat.</p>', '2020-08-30 06:15:08'),
(163, 54, 'Dorothée Morvan', '<p>Porro ut nisi eius quod voluptas inventore iste asperiores. Ratione odio aperiam quaerat sint repellat minus. Non esse mollitia a et esse a.</p><p>Dolores maiores nihil doloribus quisquam nihil et. Consequatur tempora autem incidunt qui. Sed quo facilis vero dicta.</p>', '2020-08-28 04:20:45'),
(164, 54, 'Isaac Chauveau-Dufour', '<p>Sit a maxime debitis nemo dicta aut distinctio. Distinctio in aspernatur eaque debitis possimus. Aut est ducimus voluptas aliquam autem. Unde officia eius cupiditate facere. Voluptate sit ducimus delectus ut officiis soluta.</p><p>Facilis beatae voluptatem et. Non voluptatem eaque rem non. Eaque error temporibus nam qui. Voluptate sint et quibusdam sit praesentium ad vel.</p>', '2020-09-28 13:06:18'),
(165, 55, 'Henri de la Legrand', '<p>Repellat dolor accusamus fugiat fugiat autem est rerum. Est possimus eius non vitae. Aspernatur modi nam veniam quam aperiam autem eligendi.</p><p>Ab quia illum id quis aut a modi. Id eveniet et aut debitis.</p>', '2020-10-13 06:44:10'),
(166, 55, 'Martine Bazin', '<p>Natus et nihil vel non sapiente. Accusantium voluptas rerum quam vel harum natus. Soluta eveniet aut ipsum. Deleniti veritatis natus quia rerum unde.</p><p>Dolorum voluptas mollitia doloribus error laudantium consequatur sit. Aut molestiae at doloremque distinctio et sit velit. Rem corrupti ducimus quis fugiat libero expedita.</p>', '2020-10-01 00:02:18'),
(167, 55, 'Aimée Thierry', '<p>Et voluptatum consequatur neque illo omnis. Rerum dolorum velit quos numquam adipisci facere repudiandae. Nostrum est quod sed quaerat. Placeat necessitatibus quos voluptates facere vitae. Eos illum eveniet debitis ut.</p><p>Quae dignissimos alias optio qui libero et. Dolore eligendi ea et cumque. Et corporis adipisci porro maiores necessitatibus earum est. Nihil architecto nemo aut quo similique.</p>', '2020-09-18 01:56:03'),
(168, 55, 'Joseph de Besson', '<p>Aperiam est voluptatem vel ut qui nam unde. Numquam quia est ut unde amet voluptatum modi. Eos ut iusto molestiae repudiandae libero velit. Adipisci et in facilis quisquam labore sed laboriosam.</p><p>Quasi accusantium eius id quia qui corporis. Labore quaerat modi molestiae sed. Molestiae voluptatem dolor nostrum rerum sit. Dignissimos sit repellendus id deleniti nulla exercitationem et.</p>', '2020-11-10 17:47:22'),
(169, 55, 'Isabelle Bourgeois-Mathieu', '<p>Possimus voluptate voluptates perspiciatis nulla fuga qui et. Recusandae quam harum repudiandae voluptas voluptas. Aliquam corporis et nesciunt qui maxime necessitatibus eos.</p><p>Qui adipisci numquam repudiandae accusamus id. Maxime placeat sunt nemo quas perspiciatis placeat nemo.</p>', '2020-08-31 11:15:28'),
(170, 56, 'Eugène Foucher', '<p>Et culpa illum molestias ut labore. Fugit mollitia placeat quam veniam fuga dolor in nemo. Quis occaecati eligendi quis. Quo quae iure asperiores repellat et recusandae qui vitae.</p><p>Eos odit odit facere nulla adipisci. Illo quam rerum aperiam temporibus debitis. Molestiae quia id quo et doloribus. Totam autem sit tenetur est aut qui quo ipsam.</p>', '2020-07-29 04:29:12'),
(171, 56, 'David David', '<p>Cupiditate quia sit ratione occaecati quasi voluptas nemo. Et et totam distinctio. Recusandae repudiandae ducimus similique fugiat modi et animi.</p><p>Ratione minima sint itaque quos. Est ipsum quo nam adipisci inventore debitis nostrum. Quae rerum velit rem molestiae ratione mollitia.</p>', '2020-06-10 03:49:37'),
(172, 56, 'Nath Chartier', '<p>Corrupti esse consequuntur praesentium aliquid saepe voluptatem magni maiores. Doloribus voluptatem dolor pariatur consequatur velit. Autem aut illo nostrum eaque iusto in dignissimos perferendis.</p><p>Sunt ipsum maiores est ut consectetur non. Temporibus sint possimus temporibus aliquid. Sit assumenda enim fuga deleniti deleniti iusto voluptatem et. Est cum labore harum aperiam quo necessitatibus.</p>', '2020-06-30 20:49:17'),
(173, 56, 'Camille Philippe', '<p>Praesentium voluptatem nihil perferendis dolore quia aperiam. Beatae beatae ut blanditiis et. Culpa rerum dignissimos modi ea.</p><p>Qui quam eos voluptates nihil illo sit. Vel cumque qui nihil ex. Doloribus beatae dolorem porro illo voluptas. Sit qui voluptas aut magni optio accusamus illum.</p>', '2020-06-09 09:42:39'),
(174, 56, 'Raymond Dumont', '<p>Est ut voluptatem sit aspernatur dolor. Vitae quis dolores voluptate numquam dolorem aut voluptas placeat. Tempora dolores cum minus voluptatem aperiam ut.</p><p>Sed quo at at fuga est molestiae. Voluptatem illum eveniet natus et explicabo esse et. Et quia voluptatem qui voluptatibus omnis ducimus.</p>', '2020-08-05 13:09:19'),
(175, 56, 'Marianne Tessier', '<p>Possimus sequi quia maiores. Esse iste maiores occaecati est corrupti. Voluptate laboriosam repellat tempore libero repellat odit.</p><p>Quae ex eligendi ipsam dolor. Enim cumque eaque occaecati aut. Laudantium consectetur adipisci possimus. Quis non aut error voluptatem saepe et.</p>', '2020-05-30 15:44:15'),
(176, 56, 'Noël de Royer', '<p>Odit officiis quam qui dolor. Dolores voluptatem earum sequi eveniet et. Nostrum sed excepturi omnis iste eius architecto eos.</p><p>Culpa reprehenderit recusandae et aut voluptas et beatae. In qui rerum rerum. Asperiores aliquam non at eum earum.</p>', '2020-09-29 07:26:24'),
(177, 56, 'Bernadette Faure', '<p>Maxime incidunt labore est rerum dolorum. Atque blanditiis voluptas dolorem ad sapiente. In optio quasi nulla perferendis ullam.</p><p>Harum qui ducimus qui voluptatem corporis. Nemo excepturi sequi exercitationem omnis. Natus adipisci minima dolor ut doloremque est ipsam.</p>', '2020-09-28 17:18:10'),
(178, 56, 'Grégoire de la Legrand', '<p>Rerum ea quia ut laboriosam quia quam dolorem et. Sunt et quam est laborum. Praesentium est quos culpa voluptas blanditiis ut quis. Quia in blanditiis sequi. Autem est magnam non modi laborum delectus velit.</p><p>Nihil ut aliquid velit sapiente ut aperiam assumenda quia. Dolores tenetur eaque doloremque labore nihil sit quaerat. Ut explicabo debitis repudiandae voluptatem.</p>', '2020-10-28 01:08:21');

-- --------------------------------------------------------

--
-- Structure de la table `doctrine_migration_versions`
--

DROP TABLE IF EXISTS `doctrine_migration_versions`;
CREATE TABLE IF NOT EXISTS `doctrine_migration_versions` (
  `version` varchar(191) COLLATE utf8_unicode_ci NOT NULL,
  `executed_at` datetime DEFAULT NULL,
  `execution_time` int(11) DEFAULT NULL,
  PRIMARY KEY (`version`)
) ENGINE=InnoDB DEFAULT CHARSET=utf8 COLLATE=utf8_unicode_ci;

--
-- Déchargement des données de la table `doctrine_migration_versions`
--

INSERT INTO `doctrine_migration_versions` (`version`, `executed_at`, `execution_time`) VALUES
('DoctrineMigrations\\Version20201108200606', '2020-11-08 20:09:13', 84),
('DoctrineMigrations\\Version20201110141853', '2020-11-10 14:21:50', 1723),
('DoctrineMigrations\\Version20201110142933', '2020-11-10 14:31:19', 108),
('DoctrineMigrations\\Version20201110163430', '2020-11-10 16:34:50', 145),
('DoctrineMigrations\\Version20201115170439', '2020-11-15 17:05:33', 1343);

-- --------------------------------------------------------

--
-- Structure de la table `user_name`
--

DROP TABLE IF EXISTS `user_name`;
CREATE TABLE IF NOT EXISTS `user_name` (
  `id` int(11) NOT NULL AUTO_INCREMENT,
  `email` varchar(255) COLLATE utf8mb4_unicode_ci NOT NULL,
  `username` varchar(255) COLLATE utf8mb4_unicode_ci NOT NULL,
  `password` varchar(255) COLLATE utf8mb4_unicode_ci NOT NULL,
  PRIMARY KEY (`id`)
) ENGINE=InnoDB AUTO_INCREMENT=2 DEFAULT CHARSET=utf8mb4 COLLATE=utf8mb4_unicode_ci;

--
-- Déchargement des données de la table `user_name`
--

INSERT INTO `user_name` (`id`, `email`, `username`, `password`) VALUES
(1, 'aurelien@symfony.com', 'Aurélien', '$2y$13$dDQhcV9XNlpxh8fTHG8ZK.dBvEaPDCTJ.GIjC5KuXQpHfzPQDOUB.');

--
-- Contraintes pour les tables déchargées
--

--
-- Contraintes pour la table `article`
--
ALTER TABLE `article`
  ADD CONSTRAINT `FK_23A0E6612469DE2` FOREIGN KEY (`category_id`) REFERENCES `category` (`id`);

--
-- Contraintes pour la table `comment`
--
ALTER TABLE `comment`
  ADD CONSTRAINT `FK_9474526C7294869C` FOREIGN KEY (`article_id`) REFERENCES `article` (`id`);
COMMIT;

/*!40101 SET CHARACTER_SET_CLIENT=@OLD_CHARACTER_SET_CLIENT */;
/*!40101 SET CHARACTER_SET_RESULTS=@OLD_CHARACTER_SET_RESULTS */;
/*!40101 SET COLLATION_CONNECTION=@OLD_COLLATION_CONNECTION */;
